name,type,direction,description
feat_000,float,,MolDeBERTa base model CLS token embedding dimension 0
feat_001,float,,MolDeBERTa base model CLS token embedding dimension 1
feat_002,float,,MolDeBERTa base model CLS token embedding dimension 2
feat_003,float,,MolDeBERTa base model CLS token embedding dimension 3
feat_004,float,,MolDeBERTa base model CLS token embedding dimension 4
feat_005,float,,MolDeBERTa base model CLS token embedding dimension 5
feat_006,float,,MolDeBERTa base model CLS token embedding dimension 6
feat_007,float,,MolDeBERTa base model CLS token embedding dimension 7
feat_008,float,,MolDeBERTa base model CLS token embedding dimension 8
feat_009,float,,MolDeBERTa base model CLS token embedding dimension 9
feat_010,float,,MolDeBERTa base model CLS token embedding dimension 10
feat_011,float,,MolDeBERTa base model CLS token embedding dimension 11
feat_012,float,,MolDeBERTa base model CLS token embedding dimension 12
feat_013,float,,MolDeBERTa base model CLS token embedding dimension 13
feat_014,float,,MolDeBERTa base model CLS token embedding dimension 14
feat_015,float,,MolDeBERTa base model CLS token embedding dimension 15
feat_016,float,,MolDeBERTa base model CLS token embedding dimension 16
feat_017,float,,MolDeBERTa base model CLS token embedding dimension 17
feat_018,float,,MolDeBERTa base model CLS token embedding dimension 18
feat_019,float,,MolDeBERTa base model CLS token embedding dimension 19
feat_020,float,,MolDeBERTa base model CLS token embedding dimension 20
feat_021,float,,MolDeBERTa base model CLS token embedding dimension 21
feat_022,float,,MolDeBERTa base model CLS token embedding dimension 22
feat_023,float,,MolDeBERTa base model CLS token embedding dimension 23
feat_024,float,,MolDeBERTa base model CLS token embedding dimension 24
feat_025,float,,MolDeBERTa base model CLS token embedding dimension 25
feat_026,float,,MolDeBERTa base model CLS token embedding dimension 26
feat_027,float,,MolDeBERTa base model CLS token embedding dimension 27
feat_028,float,,MolDeBERTa base model CLS token embedding dimension 28
feat_029,float,,MolDeBERTa base model CLS token embedding dimension 29
feat_030,float,,MolDeBERTa base model CLS token embedding dimension 30
feat_031,float,,MolDeBERTa base model CLS token embedding dimension 31
feat_032,float,,MolDeBERTa base model CLS token embedding dimension 32
feat_033,float,,MolDeBERTa base model CLS token embedding dimension 33
feat_034,float,,MolDeBERTa base model CLS token embedding dimension 34
feat_035,float,,MolDeBERTa base model CLS token embedding dimension 35
feat_036,float,,MolDeBERTa base model CLS token embedding dimension 36
feat_037,float,,MolDeBERTa base model CLS token embedding dimension 37
feat_038,float,,MolDeBERTa base model CLS token embedding dimension 38
feat_039,float,,MolDeBERTa base model CLS token embedding dimension 39
feat_040,float,,MolDeBERTa base model CLS token embedding dimension 40
feat_041,float,,MolDeBERTa base model CLS token embedding dimension 41
feat_042,float,,MolDeBERTa base model CLS token embedding dimension 42
feat_043,float,,MolDeBERTa base model CLS token embedding dimension 43
feat_044,float,,MolDeBERTa base model CLS token embedding dimension 44
feat_045,float,,MolDeBERTa base model CLS token embedding dimension 45
feat_046,float,,MolDeBERTa base model CLS token embedding dimension 46
feat_047,float,,MolDeBERTa base model CLS token embedding dimension 47
feat_048,float,,MolDeBERTa base model CLS token embedding dimension 48
feat_049,float,,MolDeBERTa base model CLS token embedding dimension 49
feat_050,float,,MolDeBERTa base model CLS token embedding dimension 50
feat_051,float,,MolDeBERTa base model CLS token embedding dimension 51
feat_052,float,,MolDeBERTa base model CLS token embedding dimension 52
feat_053,float,,MolDeBERTa base model CLS token embedding dimension 53
feat_054,float,,MolDeBERTa base model CLS token embedding dimension 54
feat_055,float,,MolDeBERTa base model CLS token embedding dimension 55
feat_056,float,,MolDeBERTa base model CLS token embedding dimension 56
feat_057,float,,MolDeBERTa base model CLS token embedding dimension 57
feat_058,float,,MolDeBERTa base model CLS token embedding dimension 58
feat_059,float,,MolDeBERTa base model CLS token embedding dimension 59
feat_060,float,,MolDeBERTa base model CLS token embedding dimension 60
feat_061,float,,MolDeBERTa base model CLS token embedding dimension 61
feat_062,float,,MolDeBERTa base model CLS token embedding dimension 62
feat_063,float,,MolDeBERTa base model CLS token embedding dimension 63
feat_064,float,,MolDeBERTa base model CLS token embedding dimension 64
feat_065,float,,MolDeBERTa base model CLS token embedding dimension 65
feat_066,float,,MolDeBERTa base model CLS token embedding dimension 66
feat_067,float,,MolDeBERTa base model CLS token embedding dimension 67
feat_068,float,,MolDeBERTa base model CLS token embedding dimension 68
feat_069,float,,MolDeBERTa base model CLS token embedding dimension 69
feat_070,float,,MolDeBERTa base model CLS token embedding dimension 70
feat_071,float,,MolDeBERTa base model CLS token embedding dimension 71
feat_072,float,,MolDeBERTa base model CLS token embedding dimension 72
feat_073,float,,MolDeBERTa base model CLS token embedding dimension 73
feat_074,float,,MolDeBERTa base model CLS token embedding dimension 74
feat_075,float,,MolDeBERTa base model CLS token embedding dimension 75
feat_076,float,,MolDeBERTa base model CLS token embedding dimension 76
feat_077,float,,MolDeBERTa base model CLS token embedding dimension 77
feat_078,float,,MolDeBERTa base model CLS token embedding dimension 78
feat_079,float,,MolDeBERTa base model CLS token embedding dimension 79
feat_080,float,,MolDeBERTa base model CLS token embedding dimension 80
feat_081,float,,MolDeBERTa base model CLS token embedding dimension 81
feat_082,float,,MolDeBERTa base model CLS token embedding dimension 82
feat_083,float,,MolDeBERTa base model CLS token embedding dimension 83
feat_084,float,,MolDeBERTa base model CLS token embedding dimension 84
feat_085,float,,MolDeBERTa base model CLS token embedding dimension 85
feat_086,float,,MolDeBERTa base model CLS token embedding dimension 86
feat_087,float,,MolDeBERTa base model CLS token embedding dimension 87
feat_088,float,,MolDeBERTa base model CLS token embedding dimension 88
feat_089,float,,MolDeBERTa base model CLS token embedding dimension 89
feat_090,float,,MolDeBERTa base model CLS token embedding dimension 90
feat_091,float,,MolDeBERTa base model CLS token embedding dimension 91
feat_092,float,,MolDeBERTa base model CLS token embedding dimension 92
feat_093,float,,MolDeBERTa base model CLS token embedding dimension 93
feat_094,float,,MolDeBERTa base model CLS token embedding dimension 94
feat_095,float,,MolDeBERTa base model CLS token embedding dimension 95
feat_096,float,,MolDeBERTa base model CLS token embedding dimension 96
feat_097,float,,MolDeBERTa base model CLS token embedding dimension 97
feat_098,float,,MolDeBERTa base model CLS token embedding dimension 98
feat_099,float,,MolDeBERTa base model CLS token embedding dimension 99
feat_100,float,,MolDeBERTa base model CLS token embedding dimension 100
feat_101,float,,MolDeBERTa base model CLS token embedding dimension 101
feat_102,float,,MolDeBERTa base model CLS token embedding dimension 102
feat_103,float,,MolDeBERTa base model CLS token embedding dimension 103
feat_104,float,,MolDeBERTa base model CLS token embedding dimension 104
feat_105,float,,MolDeBERTa base model CLS token embedding dimension 105
feat_106,float,,MolDeBERTa base model CLS token embedding dimension 106
feat_107,float,,MolDeBERTa base model CLS token embedding dimension 107
feat_108,float,,MolDeBERTa base model CLS token embedding dimension 108
feat_109,float,,MolDeBERTa base model CLS token embedding dimension 109
feat_110,float,,MolDeBERTa base model CLS token embedding dimension 110
feat_111,float,,MolDeBERTa base model CLS token embedding dimension 111
feat_112,float,,MolDeBERTa base model CLS token embedding dimension 112
feat_113,float,,MolDeBERTa base model CLS token embedding dimension 113
feat_114,float,,MolDeBERTa base model CLS token embedding dimension 114
feat_115,float,,MolDeBERTa base model CLS token embedding dimension 115
feat_116,float,,MolDeBERTa base model CLS token embedding dimension 116
feat_117,float,,MolDeBERTa base model CLS token embedding dimension 117
feat_118,float,,MolDeBERTa base model CLS token embedding dimension 118
feat_119,float,,MolDeBERTa base model CLS token embedding dimension 119
feat_120,float,,MolDeBERTa base model CLS token embedding dimension 120
feat_121,float,,MolDeBERTa base model CLS token embedding dimension 121
feat_122,float,,MolDeBERTa base model CLS token embedding dimension 122
feat_123,float,,MolDeBERTa base model CLS token embedding dimension 123
feat_124,float,,MolDeBERTa base model CLS token embedding dimension 124
feat_125,float,,MolDeBERTa base model CLS token embedding dimension 125
feat_126,float,,MolDeBERTa base model CLS token embedding dimension 126
feat_127,float,,MolDeBERTa base model CLS token embedding dimension 127
feat_128,float,,MolDeBERTa base model CLS token embedding dimension 128
feat_129,float,,MolDeBERTa base model CLS token embedding dimension 129
feat_130,float,,MolDeBERTa base model CLS token embedding dimension 130
feat_131,float,,MolDeBERTa base model CLS token embedding dimension 131
feat_132,float,,MolDeBERTa base model CLS token embedding dimension 132
feat_133,float,,MolDeBERTa base model CLS token embedding dimension 133
feat_134,float,,MolDeBERTa base model CLS token embedding dimension 134
feat_135,float,,MolDeBERTa base model CLS token embedding dimension 135
feat_136,float,,MolDeBERTa base model CLS token embedding dimension 136
feat_137,float,,MolDeBERTa base model CLS token embedding dimension 137
feat_138,float,,MolDeBERTa base model CLS token embedding dimension 138
feat_139,float,,MolDeBERTa base model CLS token embedding dimension 139
feat_140,float,,MolDeBERTa base model CLS token embedding dimension 140
feat_141,float,,MolDeBERTa base model CLS token embedding dimension 141
feat_142,float,,MolDeBERTa base model CLS token embedding dimension 142
feat_143,float,,MolDeBERTa base model CLS token embedding dimension 143
feat_144,float,,MolDeBERTa base model CLS token embedding dimension 144
feat_145,float,,MolDeBERTa base model CLS token embedding dimension 145
feat_146,float,,MolDeBERTa base model CLS token embedding dimension 146
feat_147,float,,MolDeBERTa base model CLS token embedding dimension 147
feat_148,float,,MolDeBERTa base model CLS token embedding dimension 148
feat_149,float,,MolDeBERTa base model CLS token embedding dimension 149
feat_150,float,,MolDeBERTa base model CLS token embedding dimension 150
feat_151,float,,MolDeBERTa base model CLS token embedding dimension 151
feat_152,float,,MolDeBERTa base model CLS token embedding dimension 152
feat_153,float,,MolDeBERTa base model CLS token embedding dimension 153
feat_154,float,,MolDeBERTa base model CLS token embedding dimension 154
feat_155,float,,MolDeBERTa base model CLS token embedding dimension 155
feat_156,float,,MolDeBERTa base model CLS token embedding dimension 156
feat_157,float,,MolDeBERTa base model CLS token embedding dimension 157
feat_158,float,,MolDeBERTa base model CLS token embedding dimension 158
feat_159,float,,MolDeBERTa base model CLS token embedding dimension 159
feat_160,float,,MolDeBERTa base model CLS token embedding dimension 160
feat_161,float,,MolDeBERTa base model CLS token embedding dimension 161
feat_162,float,,MolDeBERTa base model CLS token embedding dimension 162
feat_163,float,,MolDeBERTa base model CLS token embedding dimension 163
feat_164,float,,MolDeBERTa base model CLS token embedding dimension 164
feat_165,float,,MolDeBERTa base model CLS token embedding dimension 165
feat_166,float,,MolDeBERTa base model CLS token embedding dimension 166
feat_167,float,,MolDeBERTa base model CLS token embedding dimension 167
feat_168,float,,MolDeBERTa base model CLS token embedding dimension 168
feat_169,float,,MolDeBERTa base model CLS token embedding dimension 169
feat_170,float,,MolDeBERTa base model CLS token embedding dimension 170
feat_171,float,,MolDeBERTa base model CLS token embedding dimension 171
feat_172,float,,MolDeBERTa base model CLS token embedding dimension 172
feat_173,float,,MolDeBERTa base model CLS token embedding dimension 173
feat_174,float,,MolDeBERTa base model CLS token embedding dimension 174
feat_175,float,,MolDeBERTa base model CLS token embedding dimension 175
feat_176,float,,MolDeBERTa base model CLS token embedding dimension 176
feat_177,float,,MolDeBERTa base model CLS token embedding dimension 177
feat_178,float,,MolDeBERTa base model CLS token embedding dimension 178
feat_179,float,,MolDeBERTa base model CLS token embedding dimension 179
feat_180,float,,MolDeBERTa base model CLS token embedding dimension 180
feat_181,float,,MolDeBERTa base model CLS token embedding dimension 181
feat_182,float,,MolDeBERTa base model CLS token embedding dimension 182
feat_183,float,,MolDeBERTa base model CLS token embedding dimension 183
feat_184,float,,MolDeBERTa base model CLS token embedding dimension 184
feat_185,float,,MolDeBERTa base model CLS token embedding dimension 185
feat_186,float,,MolDeBERTa base model CLS token embedding dimension 186
feat_187,float,,MolDeBERTa base model CLS token embedding dimension 187
feat_188,float,,MolDeBERTa base model CLS token embedding dimension 188
feat_189,float,,MolDeBERTa base model CLS token embedding dimension 189
feat_190,float,,MolDeBERTa base model CLS token embedding dimension 190
feat_191,float,,MolDeBERTa base model CLS token embedding dimension 191
feat_192,float,,MolDeBERTa base model CLS token embedding dimension 192
feat_193,float,,MolDeBERTa base model CLS token embedding dimension 193
feat_194,float,,MolDeBERTa base model CLS token embedding dimension 194
feat_195,float,,MolDeBERTa base model CLS token embedding dimension 195
feat_196,float,,MolDeBERTa base model CLS token embedding dimension 196
feat_197,float,,MolDeBERTa base model CLS token embedding dimension 197
feat_198,float,,MolDeBERTa base model CLS token embedding dimension 198
feat_199,float,,MolDeBERTa base model CLS token embedding dimension 199
feat_200,float,,MolDeBERTa base model CLS token embedding dimension 200
feat_201,float,,MolDeBERTa base model CLS token embedding dimension 201
feat_202,float,,MolDeBERTa base model CLS token embedding dimension 202
feat_203,float,,MolDeBERTa base model CLS token embedding dimension 203
feat_204,float,,MolDeBERTa base model CLS token embedding dimension 204
feat_205,float,,MolDeBERTa base model CLS token embedding dimension 205
feat_206,float,,MolDeBERTa base model CLS token embedding dimension 206
feat_207,float,,MolDeBERTa base model CLS token embedding dimension 207
feat_208,float,,MolDeBERTa base model CLS token embedding dimension 208
feat_209,float,,MolDeBERTa base model CLS token embedding dimension 209
feat_210,float,,MolDeBERTa base model CLS token embedding dimension 210
feat_211,float,,MolDeBERTa base model CLS token embedding dimension 211
feat_212,float,,MolDeBERTa base model CLS token embedding dimension 212
feat_213,float,,MolDeBERTa base model CLS token embedding dimension 213
feat_214,float,,MolDeBERTa base model CLS token embedding dimension 214
feat_215,float,,MolDeBERTa base model CLS token embedding dimension 215
feat_216,float,,MolDeBERTa base model CLS token embedding dimension 216
feat_217,float,,MolDeBERTa base model CLS token embedding dimension 217
feat_218,float,,MolDeBERTa base model CLS token embedding dimension 218
feat_219,float,,MolDeBERTa base model CLS token embedding dimension 219
feat_220,float,,MolDeBERTa base model CLS token embedding dimension 220
feat_221,float,,MolDeBERTa base model CLS token embedding dimension 221
feat_222,float,,MolDeBERTa base model CLS token embedding dimension 222
feat_223,float,,MolDeBERTa base model CLS token embedding dimension 223
feat_224,float,,MolDeBERTa base model CLS token embedding dimension 224
feat_225,float,,MolDeBERTa base model CLS token embedding dimension 225
feat_226,float,,MolDeBERTa base model CLS token embedding dimension 226
feat_227,float,,MolDeBERTa base model CLS token embedding dimension 227
feat_228,float,,MolDeBERTa base model CLS token embedding dimension 228
feat_229,float,,MolDeBERTa base model CLS token embedding dimension 229
feat_230,float,,MolDeBERTa base model CLS token embedding dimension 230
feat_231,float,,MolDeBERTa base model CLS token embedding dimension 231
feat_232,float,,MolDeBERTa base model CLS token embedding dimension 232
feat_233,float,,MolDeBERTa base model CLS token embedding dimension 233
feat_234,float,,MolDeBERTa base model CLS token embedding dimension 234
feat_235,float,,MolDeBERTa base model CLS token embedding dimension 235
feat_236,float,,MolDeBERTa base model CLS token embedding dimension 236
feat_237,float,,MolDeBERTa base model CLS token embedding dimension 237
feat_238,float,,MolDeBERTa base model CLS token embedding dimension 238
feat_239,float,,MolDeBERTa base model CLS token embedding dimension 239
feat_240,float,,MolDeBERTa base model CLS token embedding dimension 240
feat_241,float,,MolDeBERTa base model CLS token embedding dimension 241
feat_242,float,,MolDeBERTa base model CLS token embedding dimension 242
feat_243,float,,MolDeBERTa base model CLS token embedding dimension 243
feat_244,float,,MolDeBERTa base model CLS token embedding dimension 244
feat_245,float,,MolDeBERTa base model CLS token embedding dimension 245
feat_246,float,,MolDeBERTa base model CLS token embedding dimension 246
feat_247,float,,MolDeBERTa base model CLS token embedding dimension 247
feat_248,float,,MolDeBERTa base model CLS token embedding dimension 248
feat_249,float,,MolDeBERTa base model CLS token embedding dimension 249
feat_250,float,,MolDeBERTa base model CLS token embedding dimension 250
feat_251,float,,MolDeBERTa base model CLS token embedding dimension 251
feat_252,float,,MolDeBERTa base model CLS token embedding dimension 252
feat_253,float,,MolDeBERTa base model CLS token embedding dimension 253
feat_254,float,,MolDeBERTa base model CLS token embedding dimension 254
feat_255,float,,MolDeBERTa base model CLS token embedding dimension 255
feat_256,float,,MolDeBERTa base model CLS token embedding dimension 256
feat_257,float,,MolDeBERTa base model CLS token embedding dimension 257
feat_258,float,,MolDeBERTa base model CLS token embedding dimension 258
feat_259,float,,MolDeBERTa base model CLS token embedding dimension 259
feat_260,float,,MolDeBERTa base model CLS token embedding dimension 260
feat_261,float,,MolDeBERTa base model CLS token embedding dimension 261
feat_262,float,,MolDeBERTa base model CLS token embedding dimension 262
feat_263,float,,MolDeBERTa base model CLS token embedding dimension 263
feat_264,float,,MolDeBERTa base model CLS token embedding dimension 264
feat_265,float,,MolDeBERTa base model CLS token embedding dimension 265
feat_266,float,,MolDeBERTa base model CLS token embedding dimension 266
feat_267,float,,MolDeBERTa base model CLS token embedding dimension 267
feat_268,float,,MolDeBERTa base model CLS token embedding dimension 268
feat_269,float,,MolDeBERTa base model CLS token embedding dimension 269
feat_270,float,,MolDeBERTa base model CLS token embedding dimension 270
feat_271,float,,MolDeBERTa base model CLS token embedding dimension 271
feat_272,float,,MolDeBERTa base model CLS token embedding dimension 272
feat_273,float,,MolDeBERTa base model CLS token embedding dimension 273
feat_274,float,,MolDeBERTa base model CLS token embedding dimension 274
feat_275,float,,MolDeBERTa base model CLS token embedding dimension 275
feat_276,float,,MolDeBERTa base model CLS token embedding dimension 276
feat_277,float,,MolDeBERTa base model CLS token embedding dimension 277
feat_278,float,,MolDeBERTa base model CLS token embedding dimension 278
feat_279,float,,MolDeBERTa base model CLS token embedding dimension 279
feat_280,float,,MolDeBERTa base model CLS token embedding dimension 280
feat_281,float,,MolDeBERTa base model CLS token embedding dimension 281
feat_282,float,,MolDeBERTa base model CLS token embedding dimension 282
feat_283,float,,MolDeBERTa base model CLS token embedding dimension 283
feat_284,float,,MolDeBERTa base model CLS token embedding dimension 284
feat_285,float,,MolDeBERTa base model CLS token embedding dimension 285
feat_286,float,,MolDeBERTa base model CLS token embedding dimension 286
feat_287,float,,MolDeBERTa base model CLS token embedding dimension 287
feat_288,float,,MolDeBERTa base model CLS token embedding dimension 288
feat_289,float,,MolDeBERTa base model CLS token embedding dimension 289
feat_290,float,,MolDeBERTa base model CLS token embedding dimension 290
feat_291,float,,MolDeBERTa base model CLS token embedding dimension 291
feat_292,float,,MolDeBERTa base model CLS token embedding dimension 292
feat_293,float,,MolDeBERTa base model CLS token embedding dimension 293
feat_294,float,,MolDeBERTa base model CLS token embedding dimension 294
feat_295,float,,MolDeBERTa base model CLS token embedding dimension 295
feat_296,float,,MolDeBERTa base model CLS token embedding dimension 296
feat_297,float,,MolDeBERTa base model CLS token embedding dimension 297
feat_298,float,,MolDeBERTa base model CLS token embedding dimension 298
feat_299,float,,MolDeBERTa base model CLS token embedding dimension 299
feat_300,float,,MolDeBERTa base model CLS token embedding dimension 300
feat_301,float,,MolDeBERTa base model CLS token embedding dimension 301
feat_302,float,,MolDeBERTa base model CLS token embedding dimension 302
feat_303,float,,MolDeBERTa base model CLS token embedding dimension 303
feat_304,float,,MolDeBERTa base model CLS token embedding dimension 304
feat_305,float,,MolDeBERTa base model CLS token embedding dimension 305
feat_306,float,,MolDeBERTa base model CLS token embedding dimension 306
feat_307,float,,MolDeBERTa base model CLS token embedding dimension 307
feat_308,float,,MolDeBERTa base model CLS token embedding dimension 308
feat_309,float,,MolDeBERTa base model CLS token embedding dimension 309
feat_310,float,,MolDeBERTa base model CLS token embedding dimension 310
feat_311,float,,MolDeBERTa base model CLS token embedding dimension 311
feat_312,float,,MolDeBERTa base model CLS token embedding dimension 312
feat_313,float,,MolDeBERTa base model CLS token embedding dimension 313
feat_314,float,,MolDeBERTa base model CLS token embedding dimension 314
feat_315,float,,MolDeBERTa base model CLS token embedding dimension 315
feat_316,float,,MolDeBERTa base model CLS token embedding dimension 316
feat_317,float,,MolDeBERTa base model CLS token embedding dimension 317
feat_318,float,,MolDeBERTa base model CLS token embedding dimension 318
feat_319,float,,MolDeBERTa base model CLS token embedding dimension 319
feat_320,float,,MolDeBERTa base model CLS token embedding dimension 320
feat_321,float,,MolDeBERTa base model CLS token embedding dimension 321
feat_322,float,,MolDeBERTa base model CLS token embedding dimension 322
feat_323,float,,MolDeBERTa base model CLS token embedding dimension 323
feat_324,float,,MolDeBERTa base model CLS token embedding dimension 324
feat_325,float,,MolDeBERTa base model CLS token embedding dimension 325
feat_326,float,,MolDeBERTa base model CLS token embedding dimension 326
feat_327,float,,MolDeBERTa base model CLS token embedding dimension 327
feat_328,float,,MolDeBERTa base model CLS token embedding dimension 328
feat_329,float,,MolDeBERTa base model CLS token embedding dimension 329
feat_330,float,,MolDeBERTa base model CLS token embedding dimension 330
feat_331,float,,MolDeBERTa base model CLS token embedding dimension 331
feat_332,float,,MolDeBERTa base model CLS token embedding dimension 332
feat_333,float,,MolDeBERTa base model CLS token embedding dimension 333
feat_334,float,,MolDeBERTa base model CLS token embedding dimension 334
feat_335,float,,MolDeBERTa base model CLS token embedding dimension 335
feat_336,float,,MolDeBERTa base model CLS token embedding dimension 336
feat_337,float,,MolDeBERTa base model CLS token embedding dimension 337
feat_338,float,,MolDeBERTa base model CLS token embedding dimension 338
feat_339,float,,MolDeBERTa base model CLS token embedding dimension 339
feat_340,float,,MolDeBERTa base model CLS token embedding dimension 340
feat_341,float,,MolDeBERTa base model CLS token embedding dimension 341
feat_342,float,,MolDeBERTa base model CLS token embedding dimension 342
feat_343,float,,MolDeBERTa base model CLS token embedding dimension 343
feat_344,float,,MolDeBERTa base model CLS token embedding dimension 344
feat_345,float,,MolDeBERTa base model CLS token embedding dimension 345
feat_346,float,,MolDeBERTa base model CLS token embedding dimension 346
feat_347,float,,MolDeBERTa base model CLS token embedding dimension 347
feat_348,float,,MolDeBERTa base model CLS token embedding dimension 348
feat_349,float,,MolDeBERTa base model CLS token embedding dimension 349
feat_350,float,,MolDeBERTa base model CLS token embedding dimension 350
feat_351,float,,MolDeBERTa base model CLS token embedding dimension 351
feat_352,float,,MolDeBERTa base model CLS token embedding dimension 352
feat_353,float,,MolDeBERTa base model CLS token embedding dimension 353
feat_354,float,,MolDeBERTa base model CLS token embedding dimension 354
feat_355,float,,MolDeBERTa base model CLS token embedding dimension 355
feat_356,float,,MolDeBERTa base model CLS token embedding dimension 356
feat_357,float,,MolDeBERTa base model CLS token embedding dimension 357
feat_358,float,,MolDeBERTa base model CLS token embedding dimension 358
feat_359,float,,MolDeBERTa base model CLS token embedding dimension 359
feat_360,float,,MolDeBERTa base model CLS token embedding dimension 360
feat_361,float,,MolDeBERTa base model CLS token embedding dimension 361
feat_362,float,,MolDeBERTa base model CLS token embedding dimension 362
feat_363,float,,MolDeBERTa base model CLS token embedding dimension 363
feat_364,float,,MolDeBERTa base model CLS token embedding dimension 364
feat_365,float,,MolDeBERTa base model CLS token embedding dimension 365
feat_366,float,,MolDeBERTa base model CLS token embedding dimension 366
feat_367,float,,MolDeBERTa base model CLS token embedding dimension 367
feat_368,float,,MolDeBERTa base model CLS token embedding dimension 368
feat_369,float,,MolDeBERTa base model CLS token embedding dimension 369
feat_370,float,,MolDeBERTa base model CLS token embedding dimension 370
feat_371,float,,MolDeBERTa base model CLS token embedding dimension 371
feat_372,float,,MolDeBERTa base model CLS token embedding dimension 372
feat_373,float,,MolDeBERTa base model CLS token embedding dimension 373
feat_374,float,,MolDeBERTa base model CLS token embedding dimension 374
feat_375,float,,MolDeBERTa base model CLS token embedding dimension 375
feat_376,float,,MolDeBERTa base model CLS token embedding dimension 376
feat_377,float,,MolDeBERTa base model CLS token embedding dimension 377
feat_378,float,,MolDeBERTa base model CLS token embedding dimension 378
feat_379,float,,MolDeBERTa base model CLS token embedding dimension 379
feat_380,float,,MolDeBERTa base model CLS token embedding dimension 380
feat_381,float,,MolDeBERTa base model CLS token embedding dimension 381
feat_382,float,,MolDeBERTa base model CLS token embedding dimension 382
feat_383,float,,MolDeBERTa base model CLS token embedding dimension 383
feat_384,float,,MolDeBERTa base model CLS token embedding dimension 384
feat_385,float,,MolDeBERTa base model CLS token embedding dimension 385
feat_386,float,,MolDeBERTa base model CLS token embedding dimension 386
feat_387,float,,MolDeBERTa base model CLS token embedding dimension 387
feat_388,float,,MolDeBERTa base model CLS token embedding dimension 388
feat_389,float,,MolDeBERTa base model CLS token embedding dimension 389
feat_390,float,,MolDeBERTa base model CLS token embedding dimension 390
feat_391,float,,MolDeBERTa base model CLS token embedding dimension 391
feat_392,float,,MolDeBERTa base model CLS token embedding dimension 392
feat_393,float,,MolDeBERTa base model CLS token embedding dimension 393
feat_394,float,,MolDeBERTa base model CLS token embedding dimension 394
feat_395,float,,MolDeBERTa base model CLS token embedding dimension 395
feat_396,float,,MolDeBERTa base model CLS token embedding dimension 396
feat_397,float,,MolDeBERTa base model CLS token embedding dimension 397
feat_398,float,,MolDeBERTa base model CLS token embedding dimension 398
feat_399,float,,MolDeBERTa base model CLS token embedding dimension 399
feat_400,float,,MolDeBERTa base model CLS token embedding dimension 400
feat_401,float,,MolDeBERTa base model CLS token embedding dimension 401
feat_402,float,,MolDeBERTa base model CLS token embedding dimension 402
feat_403,float,,MolDeBERTa base model CLS token embedding dimension 403
feat_404,float,,MolDeBERTa base model CLS token embedding dimension 404
feat_405,float,,MolDeBERTa base model CLS token embedding dimension 405
feat_406,float,,MolDeBERTa base model CLS token embedding dimension 406
feat_407,float,,MolDeBERTa base model CLS token embedding dimension 407
feat_408,float,,MolDeBERTa base model CLS token embedding dimension 408
feat_409,float,,MolDeBERTa base model CLS token embedding dimension 409
feat_410,float,,MolDeBERTa base model CLS token embedding dimension 410
feat_411,float,,MolDeBERTa base model CLS token embedding dimension 411
feat_412,float,,MolDeBERTa base model CLS token embedding dimension 412
feat_413,float,,MolDeBERTa base model CLS token embedding dimension 413
feat_414,float,,MolDeBERTa base model CLS token embedding dimension 414
feat_415,float,,MolDeBERTa base model CLS token embedding dimension 415
feat_416,float,,MolDeBERTa base model CLS token embedding dimension 416
feat_417,float,,MolDeBERTa base model CLS token embedding dimension 417
feat_418,float,,MolDeBERTa base model CLS token embedding dimension 418
feat_419,float,,MolDeBERTa base model CLS token embedding dimension 419
feat_420,float,,MolDeBERTa base model CLS token embedding dimension 420
feat_421,float,,MolDeBERTa base model CLS token embedding dimension 421
feat_422,float,,MolDeBERTa base model CLS token embedding dimension 422
feat_423,float,,MolDeBERTa base model CLS token embedding dimension 423
feat_424,float,,MolDeBERTa base model CLS token embedding dimension 424
feat_425,float,,MolDeBERTa base model CLS token embedding dimension 425
feat_426,float,,MolDeBERTa base model CLS token embedding dimension 426
feat_427,float,,MolDeBERTa base model CLS token embedding dimension 427
feat_428,float,,MolDeBERTa base model CLS token embedding dimension 428
feat_429,float,,MolDeBERTa base model CLS token embedding dimension 429
feat_430,float,,MolDeBERTa base model CLS token embedding dimension 430
feat_431,float,,MolDeBERTa base model CLS token embedding dimension 431
feat_432,float,,MolDeBERTa base model CLS token embedding dimension 432
feat_433,float,,MolDeBERTa base model CLS token embedding dimension 433
feat_434,float,,MolDeBERTa base model CLS token embedding dimension 434
feat_435,float,,MolDeBERTa base model CLS token embedding dimension 435
feat_436,float,,MolDeBERTa base model CLS token embedding dimension 436
feat_437,float,,MolDeBERTa base model CLS token embedding dimension 437
feat_438,float,,MolDeBERTa base model CLS token embedding dimension 438
feat_439,float,,MolDeBERTa base model CLS token embedding dimension 439
feat_440,float,,MolDeBERTa base model CLS token embedding dimension 440
feat_441,float,,MolDeBERTa base model CLS token embedding dimension 441
feat_442,float,,MolDeBERTa base model CLS token embedding dimension 442
feat_443,float,,MolDeBERTa base model CLS token embedding dimension 443
feat_444,float,,MolDeBERTa base model CLS token embedding dimension 444
feat_445,float,,MolDeBERTa base model CLS token embedding dimension 445
feat_446,float,,MolDeBERTa base model CLS token embedding dimension 446
feat_447,float,,MolDeBERTa base model CLS token embedding dimension 447
feat_448,float,,MolDeBERTa base model CLS token embedding dimension 448
feat_449,float,,MolDeBERTa base model CLS token embedding dimension 449
feat_450,float,,MolDeBERTa base model CLS token embedding dimension 450
feat_451,float,,MolDeBERTa base model CLS token embedding dimension 451
feat_452,float,,MolDeBERTa base model CLS token embedding dimension 452
feat_453,float,,MolDeBERTa base model CLS token embedding dimension 453
feat_454,float,,MolDeBERTa base model CLS token embedding dimension 454
feat_455,float,,MolDeBERTa base model CLS token embedding dimension 455
feat_456,float,,MolDeBERTa base model CLS token embedding dimension 456
feat_457,float,,MolDeBERTa base model CLS token embedding dimension 457
feat_458,float,,MolDeBERTa base model CLS token embedding dimension 458
feat_459,float,,MolDeBERTa base model CLS token embedding dimension 459
feat_460,float,,MolDeBERTa base model CLS token embedding dimension 460
feat_461,float,,MolDeBERTa base model CLS token embedding dimension 461
feat_462,float,,MolDeBERTa base model CLS token embedding dimension 462
feat_463,float,,MolDeBERTa base model CLS token embedding dimension 463
feat_464,float,,MolDeBERTa base model CLS token embedding dimension 464
feat_465,float,,MolDeBERTa base model CLS token embedding dimension 465
feat_466,float,,MolDeBERTa base model CLS token embedding dimension 466
feat_467,float,,MolDeBERTa base model CLS token embedding dimension 467
feat_468,float,,MolDeBERTa base model CLS token embedding dimension 468
feat_469,float,,MolDeBERTa base model CLS token embedding dimension 469
feat_470,float,,MolDeBERTa base model CLS token embedding dimension 470
feat_471,float,,MolDeBERTa base model CLS token embedding dimension 471
feat_472,float,,MolDeBERTa base model CLS token embedding dimension 472
feat_473,float,,MolDeBERTa base model CLS token embedding dimension 473
feat_474,float,,MolDeBERTa base model CLS token embedding dimension 474
feat_475,float,,MolDeBERTa base model CLS token embedding dimension 475
feat_476,float,,MolDeBERTa base model CLS token embedding dimension 476
feat_477,float,,MolDeBERTa base model CLS token embedding dimension 477
feat_478,float,,MolDeBERTa base model CLS token embedding dimension 478
feat_479,float,,MolDeBERTa base model CLS token embedding dimension 479
feat_480,float,,MolDeBERTa base model CLS token embedding dimension 480
feat_481,float,,MolDeBERTa base model CLS token embedding dimension 481
feat_482,float,,MolDeBERTa base model CLS token embedding dimension 482
feat_483,float,,MolDeBERTa base model CLS token embedding dimension 483
feat_484,float,,MolDeBERTa base model CLS token embedding dimension 484
feat_485,float,,MolDeBERTa base model CLS token embedding dimension 485
feat_486,float,,MolDeBERTa base model CLS token embedding dimension 486
feat_487,float,,MolDeBERTa base model CLS token embedding dimension 487
feat_488,float,,MolDeBERTa base model CLS token embedding dimension 488
feat_489,float,,MolDeBERTa base model CLS token embedding dimension 489
feat_490,float,,MolDeBERTa base model CLS token embedding dimension 490
feat_491,float,,MolDeBERTa base model CLS token embedding dimension 491
feat_492,float,,MolDeBERTa base model CLS token embedding dimension 492
feat_493,float,,MolDeBERTa base model CLS token embedding dimension 493
feat_494,float,,MolDeBERTa base model CLS token embedding dimension 494
feat_495,float,,MolDeBERTa base model CLS token embedding dimension 495
feat_496,float,,MolDeBERTa base model CLS token embedding dimension 496
feat_497,float,,MolDeBERTa base model CLS token embedding dimension 497
feat_498,float,,MolDeBERTa base model CLS token embedding dimension 498
feat_499,float,,MolDeBERTa base model CLS token embedding dimension 499
feat_500,float,,MolDeBERTa base model CLS token embedding dimension 500
feat_501,float,,MolDeBERTa base model CLS token embedding dimension 501
feat_502,float,,MolDeBERTa base model CLS token embedding dimension 502
feat_503,float,,MolDeBERTa base model CLS token embedding dimension 503
feat_504,float,,MolDeBERTa base model CLS token embedding dimension 504
feat_505,float,,MolDeBERTa base model CLS token embedding dimension 505
feat_506,float,,MolDeBERTa base model CLS token embedding dimension 506
feat_507,float,,MolDeBERTa base model CLS token embedding dimension 507
feat_508,float,,MolDeBERTa base model CLS token embedding dimension 508
feat_509,float,,MolDeBERTa base model CLS token embedding dimension 509
feat_510,float,,MolDeBERTa base model CLS token embedding dimension 510
feat_511,float,,MolDeBERTa base model CLS token embedding dimension 511
feat_512,float,,MolDeBERTa base model CLS token embedding dimension 512
feat_513,float,,MolDeBERTa base model CLS token embedding dimension 513
feat_514,float,,MolDeBERTa base model CLS token embedding dimension 514
feat_515,float,,MolDeBERTa base model CLS token embedding dimension 515
feat_516,float,,MolDeBERTa base model CLS token embedding dimension 516
feat_517,float,,MolDeBERTa base model CLS token embedding dimension 517
feat_518,float,,MolDeBERTa base model CLS token embedding dimension 518
feat_519,float,,MolDeBERTa base model CLS token embedding dimension 519
feat_520,float,,MolDeBERTa base model CLS token embedding dimension 520
feat_521,float,,MolDeBERTa base model CLS token embedding dimension 521
feat_522,float,,MolDeBERTa base model CLS token embedding dimension 522
feat_523,float,,MolDeBERTa base model CLS token embedding dimension 523
feat_524,float,,MolDeBERTa base model CLS token embedding dimension 524
feat_525,float,,MolDeBERTa base model CLS token embedding dimension 525
feat_526,float,,MolDeBERTa base model CLS token embedding dimension 526
feat_527,float,,MolDeBERTa base model CLS token embedding dimension 527
feat_528,float,,MolDeBERTa base model CLS token embedding dimension 528
feat_529,float,,MolDeBERTa base model CLS token embedding dimension 529
feat_530,float,,MolDeBERTa base model CLS token embedding dimension 530
feat_531,float,,MolDeBERTa base model CLS token embedding dimension 531
feat_532,float,,MolDeBERTa base model CLS token embedding dimension 532
feat_533,float,,MolDeBERTa base model CLS token embedding dimension 533
feat_534,float,,MolDeBERTa base model CLS token embedding dimension 534
feat_535,float,,MolDeBERTa base model CLS token embedding dimension 535
feat_536,float,,MolDeBERTa base model CLS token embedding dimension 536
feat_537,float,,MolDeBERTa base model CLS token embedding dimension 537
feat_538,float,,MolDeBERTa base model CLS token embedding dimension 538
feat_539,float,,MolDeBERTa base model CLS token embedding dimension 539
feat_540,float,,MolDeBERTa base model CLS token embedding dimension 540
feat_541,float,,MolDeBERTa base model CLS token embedding dimension 541
feat_542,float,,MolDeBERTa base model CLS token embedding dimension 542
feat_543,float,,MolDeBERTa base model CLS token embedding dimension 543
feat_544,float,,MolDeBERTa base model CLS token embedding dimension 544
feat_545,float,,MolDeBERTa base model CLS token embedding dimension 545
feat_546,float,,MolDeBERTa base model CLS token embedding dimension 546
feat_547,float,,MolDeBERTa base model CLS token embedding dimension 547
feat_548,float,,MolDeBERTa base model CLS token embedding dimension 548
feat_549,float,,MolDeBERTa base model CLS token embedding dimension 549
feat_550,float,,MolDeBERTa base model CLS token embedding dimension 550
feat_551,float,,MolDeBERTa base model CLS token embedding dimension 551
feat_552,float,,MolDeBERTa base model CLS token embedding dimension 552
feat_553,float,,MolDeBERTa base model CLS token embedding dimension 553
feat_554,float,,MolDeBERTa base model CLS token embedding dimension 554
feat_555,float,,MolDeBERTa base model CLS token embedding dimension 555
feat_556,float,,MolDeBERTa base model CLS token embedding dimension 556
feat_557,float,,MolDeBERTa base model CLS token embedding dimension 557
feat_558,float,,MolDeBERTa base model CLS token embedding dimension 558
feat_559,float,,MolDeBERTa base model CLS token embedding dimension 559
feat_560,float,,MolDeBERTa base model CLS token embedding dimension 560
feat_561,float,,MolDeBERTa base model CLS token embedding dimension 561
feat_562,float,,MolDeBERTa base model CLS token embedding dimension 562
feat_563,float,,MolDeBERTa base model CLS token embedding dimension 563
feat_564,float,,MolDeBERTa base model CLS token embedding dimension 564
feat_565,float,,MolDeBERTa base model CLS token embedding dimension 565
feat_566,float,,MolDeBERTa base model CLS token embedding dimension 566
feat_567,float,,MolDeBERTa base model CLS token embedding dimension 567
feat_568,float,,MolDeBERTa base model CLS token embedding dimension 568
feat_569,float,,MolDeBERTa base model CLS token embedding dimension 569
feat_570,float,,MolDeBERTa base model CLS token embedding dimension 570
feat_571,float,,MolDeBERTa base model CLS token embedding dimension 571
feat_572,float,,MolDeBERTa base model CLS token embedding dimension 572
feat_573,float,,MolDeBERTa base model CLS token embedding dimension 573
feat_574,float,,MolDeBERTa base model CLS token embedding dimension 574
feat_575,float,,MolDeBERTa base model CLS token embedding dimension 575
feat_576,float,,MolDeBERTa base model CLS token embedding dimension 576
feat_577,float,,MolDeBERTa base model CLS token embedding dimension 577
feat_578,float,,MolDeBERTa base model CLS token embedding dimension 578
feat_579,float,,MolDeBERTa base model CLS token embedding dimension 579
feat_580,float,,MolDeBERTa base model CLS token embedding dimension 580
feat_581,float,,MolDeBERTa base model CLS token embedding dimension 581
feat_582,float,,MolDeBERTa base model CLS token embedding dimension 582
feat_583,float,,MolDeBERTa base model CLS token embedding dimension 583
feat_584,float,,MolDeBERTa base model CLS token embedding dimension 584
feat_585,float,,MolDeBERTa base model CLS token embedding dimension 585
feat_586,float,,MolDeBERTa base model CLS token embedding dimension 586
feat_587,float,,MolDeBERTa base model CLS token embedding dimension 587
feat_588,float,,MolDeBERTa base model CLS token embedding dimension 588
feat_589,float,,MolDeBERTa base model CLS token embedding dimension 589
feat_590,float,,MolDeBERTa base model CLS token embedding dimension 590
feat_591,float,,MolDeBERTa base model CLS token embedding dimension 591
feat_592,float,,MolDeBERTa base model CLS token embedding dimension 592
feat_593,float,,MolDeBERTa base model CLS token embedding dimension 593
feat_594,float,,MolDeBERTa base model CLS token embedding dimension 594
feat_595,float,,MolDeBERTa base model CLS token embedding dimension 595
feat_596,float,,MolDeBERTa base model CLS token embedding dimension 596
feat_597,float,,MolDeBERTa base model CLS token embedding dimension 597
feat_598,float,,MolDeBERTa base model CLS token embedding dimension 598
feat_599,float,,MolDeBERTa base model CLS token embedding dimension 599
feat_600,float,,MolDeBERTa base model CLS token embedding dimension 600
feat_601,float,,MolDeBERTa base model CLS token embedding dimension 601
feat_602,float,,MolDeBERTa base model CLS token embedding dimension 602
feat_603,float,,MolDeBERTa base model CLS token embedding dimension 603
feat_604,float,,MolDeBERTa base model CLS token embedding dimension 604
feat_605,float,,MolDeBERTa base model CLS token embedding dimension 605
feat_606,float,,MolDeBERTa base model CLS token embedding dimension 606
feat_607,float,,MolDeBERTa base model CLS token embedding dimension 607
feat_608,float,,MolDeBERTa base model CLS token embedding dimension 608
feat_609,float,,MolDeBERTa base model CLS token embedding dimension 609
feat_610,float,,MolDeBERTa base model CLS token embedding dimension 610
feat_611,float,,MolDeBERTa base model CLS token embedding dimension 611
feat_612,float,,MolDeBERTa base model CLS token embedding dimension 612
feat_613,float,,MolDeBERTa base model CLS token embedding dimension 613
feat_614,float,,MolDeBERTa base model CLS token embedding dimension 614
feat_615,float,,MolDeBERTa base model CLS token embedding dimension 615
feat_616,float,,MolDeBERTa base model CLS token embedding dimension 616
feat_617,float,,MolDeBERTa base model CLS token embedding dimension 617
feat_618,float,,MolDeBERTa base model CLS token embedding dimension 618
feat_619,float,,MolDeBERTa base model CLS token embedding dimension 619
feat_620,float,,MolDeBERTa base model CLS token embedding dimension 620
feat_621,float,,MolDeBERTa base model CLS token embedding dimension 621
feat_622,float,,MolDeBERTa base model CLS token embedding dimension 622
feat_623,float,,MolDeBERTa base model CLS token embedding dimension 623
feat_624,float,,MolDeBERTa base model CLS token embedding dimension 624
feat_625,float,,MolDeBERTa base model CLS token embedding dimension 625
feat_626,float,,MolDeBERTa base model CLS token embedding dimension 626
feat_627,float,,MolDeBERTa base model CLS token embedding dimension 627
feat_628,float,,MolDeBERTa base model CLS token embedding dimension 628
feat_629,float,,MolDeBERTa base model CLS token embedding dimension 629
feat_630,float,,MolDeBERTa base model CLS token embedding dimension 630
feat_631,float,,MolDeBERTa base model CLS token embedding dimension 631
feat_632,float,,MolDeBERTa base model CLS token embedding dimension 632
feat_633,float,,MolDeBERTa base model CLS token embedding dimension 633
feat_634,float,,MolDeBERTa base model CLS token embedding dimension 634
feat_635,float,,MolDeBERTa base model CLS token embedding dimension 635
feat_636,float,,MolDeBERTa base model CLS token embedding dimension 636
feat_637,float,,MolDeBERTa base model CLS token embedding dimension 637
feat_638,float,,MolDeBERTa base model CLS token embedding dimension 638
feat_639,float,,MolDeBERTa base model CLS token embedding dimension 639
feat_640,float,,MolDeBERTa base model CLS token embedding dimension 640
feat_641,float,,MolDeBERTa base model CLS token embedding dimension 641
feat_642,float,,MolDeBERTa base model CLS token embedding dimension 642
feat_643,float,,MolDeBERTa base model CLS token embedding dimension 643
feat_644,float,,MolDeBERTa base model CLS token embedding dimension 644
feat_645,float,,MolDeBERTa base model CLS token embedding dimension 645
feat_646,float,,MolDeBERTa base model CLS token embedding dimension 646
feat_647,float,,MolDeBERTa base model CLS token embedding dimension 647
feat_648,float,,MolDeBERTa base model CLS token embedding dimension 648
feat_649,float,,MolDeBERTa base model CLS token embedding dimension 649
feat_650,float,,MolDeBERTa base model CLS token embedding dimension 650
feat_651,float,,MolDeBERTa base model CLS token embedding dimension 651
feat_652,float,,MolDeBERTa base model CLS token embedding dimension 652
feat_653,float,,MolDeBERTa base model CLS token embedding dimension 653
feat_654,float,,MolDeBERTa base model CLS token embedding dimension 654
feat_655,float,,MolDeBERTa base model CLS token embedding dimension 655
feat_656,float,,MolDeBERTa base model CLS token embedding dimension 656
feat_657,float,,MolDeBERTa base model CLS token embedding dimension 657
feat_658,float,,MolDeBERTa base model CLS token embedding dimension 658
feat_659,float,,MolDeBERTa base model CLS token embedding dimension 659
feat_660,float,,MolDeBERTa base model CLS token embedding dimension 660
feat_661,float,,MolDeBERTa base model CLS token embedding dimension 661
feat_662,float,,MolDeBERTa base model CLS token embedding dimension 662
feat_663,float,,MolDeBERTa base model CLS token embedding dimension 663
feat_664,float,,MolDeBERTa base model CLS token embedding dimension 664
feat_665,float,,MolDeBERTa base model CLS token embedding dimension 665
feat_666,float,,MolDeBERTa base model CLS token embedding dimension 666
feat_667,float,,MolDeBERTa base model CLS token embedding dimension 667
feat_668,float,,MolDeBERTa base model CLS token embedding dimension 668
feat_669,float,,MolDeBERTa base model CLS token embedding dimension 669
feat_670,float,,MolDeBERTa base model CLS token embedding dimension 670
feat_671,float,,MolDeBERTa base model CLS token embedding dimension 671
feat_672,float,,MolDeBERTa base model CLS token embedding dimension 672
feat_673,float,,MolDeBERTa base model CLS token embedding dimension 673
feat_674,float,,MolDeBERTa base model CLS token embedding dimension 674
feat_675,float,,MolDeBERTa base model CLS token embedding dimension 675
feat_676,float,,MolDeBERTa base model CLS token embedding dimension 676
feat_677,float,,MolDeBERTa base model CLS token embedding dimension 677
feat_678,float,,MolDeBERTa base model CLS token embedding dimension 678
feat_679,float,,MolDeBERTa base model CLS token embedding dimension 679
feat_680,float,,MolDeBERTa base model CLS token embedding dimension 680
feat_681,float,,MolDeBERTa base model CLS token embedding dimension 681
feat_682,float,,MolDeBERTa base model CLS token embedding dimension 682
feat_683,float,,MolDeBERTa base model CLS token embedding dimension 683
feat_684,float,,MolDeBERTa base model CLS token embedding dimension 684
feat_685,float,,MolDeBERTa base model CLS token embedding dimension 685
feat_686,float,,MolDeBERTa base model CLS token embedding dimension 686
feat_687,float,,MolDeBERTa base model CLS token embedding dimension 687
feat_688,float,,MolDeBERTa base model CLS token embedding dimension 688
feat_689,float,,MolDeBERTa base model CLS token embedding dimension 689
feat_690,float,,MolDeBERTa base model CLS token embedding dimension 690
feat_691,float,,MolDeBERTa base model CLS token embedding dimension 691
feat_692,float,,MolDeBERTa base model CLS token embedding dimension 692
feat_693,float,,MolDeBERTa base model CLS token embedding dimension 693
feat_694,float,,MolDeBERTa base model CLS token embedding dimension 694
feat_695,float,,MolDeBERTa base model CLS token embedding dimension 695
feat_696,float,,MolDeBERTa base model CLS token embedding dimension 696
feat_697,float,,MolDeBERTa base model CLS token embedding dimension 697
feat_698,float,,MolDeBERTa base model CLS token embedding dimension 698
feat_699,float,,MolDeBERTa base model CLS token embedding dimension 699
feat_700,float,,MolDeBERTa base model CLS token embedding dimension 700
feat_701,float,,MolDeBERTa base model CLS token embedding dimension 701
feat_702,float,,MolDeBERTa base model CLS token embedding dimension 702
feat_703,float,,MolDeBERTa base model CLS token embedding dimension 703
feat_704,float,,MolDeBERTa base model CLS token embedding dimension 704
feat_705,float,,MolDeBERTa base model CLS token embedding dimension 705
feat_706,float,,MolDeBERTa base model CLS token embedding dimension 706
feat_707,float,,MolDeBERTa base model CLS token embedding dimension 707
feat_708,float,,MolDeBERTa base model CLS token embedding dimension 708
feat_709,float,,MolDeBERTa base model CLS token embedding dimension 709
feat_710,float,,MolDeBERTa base model CLS token embedding dimension 710
feat_711,float,,MolDeBERTa base model CLS token embedding dimension 711
feat_712,float,,MolDeBERTa base model CLS token embedding dimension 712
feat_713,float,,MolDeBERTa base model CLS token embedding dimension 713
feat_714,float,,MolDeBERTa base model CLS token embedding dimension 714
feat_715,float,,MolDeBERTa base model CLS token embedding dimension 715
feat_716,float,,MolDeBERTa base model CLS token embedding dimension 716
feat_717,float,,MolDeBERTa base model CLS token embedding dimension 717
feat_718,float,,MolDeBERTa base model CLS token embedding dimension 718
feat_719,float,,MolDeBERTa base model CLS token embedding dimension 719
feat_720,float,,MolDeBERTa base model CLS token embedding dimension 720
feat_721,float,,MolDeBERTa base model CLS token embedding dimension 721
feat_722,float,,MolDeBERTa base model CLS token embedding dimension 722
feat_723,float,,MolDeBERTa base model CLS token embedding dimension 723
feat_724,float,,MolDeBERTa base model CLS token embedding dimension 724
feat_725,float,,MolDeBERTa base model CLS token embedding dimension 725
feat_726,float,,MolDeBERTa base model CLS token embedding dimension 726
feat_727,float,,MolDeBERTa base model CLS token embedding dimension 727
feat_728,float,,MolDeBERTa base model CLS token embedding dimension 728
feat_729,float,,MolDeBERTa base model CLS token embedding dimension 729
feat_730,float,,MolDeBERTa base model CLS token embedding dimension 730
feat_731,float,,MolDeBERTa base model CLS token embedding dimension 731
feat_732,float,,MolDeBERTa base model CLS token embedding dimension 732
feat_733,float,,MolDeBERTa base model CLS token embedding dimension 733
feat_734,float,,MolDeBERTa base model CLS token embedding dimension 734
feat_735,float,,MolDeBERTa base model CLS token embedding dimension 735
feat_736,float,,MolDeBERTa base model CLS token embedding dimension 736
feat_737,float,,MolDeBERTa base model CLS token embedding dimension 737
feat_738,float,,MolDeBERTa base model CLS token embedding dimension 738
feat_739,float,,MolDeBERTa base model CLS token embedding dimension 739
feat_740,float,,MolDeBERTa base model CLS token embedding dimension 740
feat_741,float,,MolDeBERTa base model CLS token embedding dimension 741
feat_742,float,,MolDeBERTa base model CLS token embedding dimension 742
feat_743,float,,MolDeBERTa base model CLS token embedding dimension 743
feat_744,float,,MolDeBERTa base model CLS token embedding dimension 744
feat_745,float,,MolDeBERTa base model CLS token embedding dimension 745
feat_746,float,,MolDeBERTa base model CLS token embedding dimension 746
feat_747,float,,MolDeBERTa base model CLS token embedding dimension 747
feat_748,float,,MolDeBERTa base model CLS token embedding dimension 748
feat_749,float,,MolDeBERTa base model CLS token embedding dimension 749
feat_750,float,,MolDeBERTa base model CLS token embedding dimension 750
feat_751,float,,MolDeBERTa base model CLS token embedding dimension 751
feat_752,float,,MolDeBERTa base model CLS token embedding dimension 752
feat_753,float,,MolDeBERTa base model CLS token embedding dimension 753
feat_754,float,,MolDeBERTa base model CLS token embedding dimension 754
feat_755,float,,MolDeBERTa base model CLS token embedding dimension 755
feat_756,float,,MolDeBERTa base model CLS token embedding dimension 756
feat_757,float,,MolDeBERTa base model CLS token embedding dimension 757
feat_758,float,,MolDeBERTa base model CLS token embedding dimension 758
feat_759,float,,MolDeBERTa base model CLS token embedding dimension 759
feat_760,float,,MolDeBERTa base model CLS token embedding dimension 760
feat_761,float,,MolDeBERTa base model CLS token embedding dimension 761
feat_762,float,,MolDeBERTa base model CLS token embedding dimension 762
feat_763,float,,MolDeBERTa base model CLS token embedding dimension 763
feat_764,float,,MolDeBERTa base model CLS token embedding dimension 764
feat_765,float,,MolDeBERTa base model CLS token embedding dimension 765
feat_766,float,,MolDeBERTa base model CLS token embedding dimension 766
feat_767,float,,MolDeBERTa base model CLS token embedding dimension 767
